-- First insert:
insert into Game values (1,'Fahrettin Parkour game',3,'2021-7-25',5.3,1,'Fahrettin');
insert into Developer values (1,true,"Fahrettin",true);
insert into Company_information VALUES("Fahrettin INC.","Fahrettin","Ankara",true);
insert into Game_type values ("Parkour",1);
insert into Platform values (1,"Computer",1);
insert into Publisher values (1,"fangamerlocation","Fangamer","Fangamer");
insert into payment values (6,true,0,5.3,1,false,true);
insert into Store values ("null",055344320,false,1);
insert into Game_dev_informations values ("Fahrettin","Ankara",true);
insert into Internet values (1,"fahrettinbasturk.com",true);
-- Second insert:
insert into Game values (2,'Dragon of Turgut',3,'2020-7-25',7,2,'Turgut');
insert into Developer values (2,true,"Turgut",true);
insert into Company_information VALUES("Turgut INC.","Turgut","Ankara",true);
insert into Game_type values ("Action",2);
insert into Platform values (2,"Console",2);
insert into Publisher values (2,"fangamerlocation","Fangamer","Fangamer");
insert into payment values (9,true,0,7,2,false,true);
insert into Store values ("null",059385320,false,2);
insert into Game_dev_informations values ("Turgut","Ankara",true);
insert into Internet values (2,"turgut.me",true);
-- theird insert:
insert into Game values (3,'Adventure of Musa',3,'1999-7-25',12,3,'Musa');
insert into Developer values (3,true,"Musa",true);
insert into Company_information VALUES("Musa INC.","Musa","Ankara",true);
insert into Game_type values ("Puzzle",3);
insert into Platform values (3,"Console",2);
insert into Publisher values (3,"fangamerlocation","Fangamer","Fangamer");
insert into payment values (12,false,0,12,3,true,true);
insert into Store values ("Ankara/kızılay/Bulamazsin mah.",075345320,True,3);
insert into Game_dev_informations values ("Musa","Ankara",true);
insert into Internet values (3,"Musa.com",true);
-- fourth Insert:
insert into Game values (4,'The fantasy world of Onur',6,'2020-7-25',20 ,4,'Onur');
insert into Developer values (4,true,"Onur",true);
insert into Company_information VALUES("Onur INC.","Onur","Ankara",true);
insert into Game_type values ("Action",4);
insert into Platform values (4,"Console",2);
insert into Publisher values (4,"fangamerlocation","Fangamer","Fangamer");
insert into payment values (23,true,0,20,4,false,true);
insert into Store values ("null",051235320,false,4);
insert into Game_dev_informations values ("Onur","Ankara",true);
insert into Internet values (4,"onuraksoy.com",true);
-- fifth insert:
insert into Game values (5,'Halil the historian',7,'2020-7-25',6,5,'Halil');
insert into Developer values (5,true,"Halil",true);
insert into Company_information VALUES("Halil INC.","Halil","Istanbul",true);
insert into Game_type values ("History",5);
insert into Platform values (5,"Computer",1);
insert into Publisher values (5,"fangamerlocation","Fangamer","Fangamer");
insert into payment values (7,false,0,6,5,true,true);
insert into Store values ("Istanbul/Kadikoy/mehmet han mah.",096350320,True,5);
insert into Game_dev_informations values ("Halil","Istanbul",true);
insert into Internet values (5,"halil.co",true);
-- Sixth Insert:
insert into Game values (6,'Yasar the engineer',7,'2010-7-25',12,6,'Yasar');
insert into Developer values (6,true,"Yasar",true);
insert into Company_information VALUES("Yasar INC.","Yasar","Istanbul",true);
insert into Game_type values ("Story",6);
insert into Platform values (6,"Computer",1);
insert into Publisher values (6,"fangamerlocation","Fangamer","Fangamer");
insert into payment values (25,true,0,12,6,true,true);
insert into Store values ("Istanbul/cekmece/mahmut efendi mah.",075927320,True,6);
insert into Game_dev_informations values ("Yasar","Istanbul",true);
insert into Internet values (6,"Yasar.us",true);
-- seventh Insert:
insert into Game values (7,'Selin the illustrator',7,'2017-3-12',12,7,'Selin');
insert into Developer values (7,true,"Selin",true);
insert into Company_information VALUES("Selin INC.","Selin","Istanbul",true);
insert into Game_type values ("Art",7);
insert into Platform values (7,"Computer",1);
insert into Publisher values (7,"fangamerlocation","Fangamer","Fangamer");
insert into payment values (20,true,0,12,7,true,true);
insert into Store values ("Istanbul/Kadikoy/mahmut efendi mah.",064950320,True,7);
insert into Game_dev_informations values ("Selin","Istanbul",true);
insert into Internet values (7,"selin.us",true);
-- eighth Insert:
insert into Game values (8,'Hotline Kudret',6,'2004-7-25',3 ,8,'Kudret');
insert into Developer values (8,true,"Kudret",true);
insert into Company_information VALUES("Kudret INC.","Kudret","Istanbul",true);
insert into Game_type values ("Retro RPG",8);
insert into Platform values (8,"Computer",1);
insert into Publisher values (8,"fangamerlocation","Fangamer","Fangamer");
insert into payment values (6,true,0,3,8,false,true);
insert into Store values ("null",051749320,false,8);
insert into Game_dev_informations values ("Kudret","Istanbul",true);
insert into Internet values (8,"Kudret.com",true);
-- nineth Insert:
insert into Game values (9,'Pokemon the Talha',6,'2021-6-15',25 ,9,'Talha');
insert into Developer values (9,true,"Talha",true);
insert into Company_information VALUES("Talha INC.","Talha","Istanbul",true);
insert into Game_type values ("RPG",9);
insert into Platform values (9,"Computer",1);
insert into Publisher values (9,"fangamerlocation","Fangamer","Fangamer");
insert into payment values (30,true,0,25,9,false,true);
insert into Store values ("null",051749320,false,9);
insert into Game_dev_informations values ("Talha","Istanbul",true);
insert into Internet values (9,"Talha.com",true);
-- tenth Insert:
insert into Game values (10,'Feyza the witch',6,'2021-6-15',27 ,10,'Feyza');
insert into Developer values (10,true,"Feyza",true);
insert into Company_information VALUES("Feyza INC.","Feyza","Ankara",true);
insert into Game_type values ("RPG",10);
insert into Platform values (10,"Computer",1);
insert into Publisher values (10,"fangamerlocation","Fangamer","Fangamer");
insert into payment values (30,true,0,27,10,false,true);
insert into Store values ("null",051749320,false,10);
insert into Game_dev_informations values ("Feyza","Ankara",true);
insert into Internet values (10,"Feyza.me",true);